,State,District,Latitude,Longitude,District code,Population,Households_with_Internet,Literacy_rate
0,Andhra Pradesh,Adilabad,19.284513950073432,78.81321233480178,532,2741239,5512,0.5411228280350601
1,Andhra Pradesh,Anantapur,14.312065561843147,77.46015844785771,553,4081148,8606,0.5662524368143473
2,Andhra Pradesh,Chittoor,13.331092630676961,78.92763898886038,554,4174064,13763,0.6391559880250998
3,Andhra Pradesh,East Godavari,16.782718320784902,82.2432074720511,545,5154296,22411,0.6380264152466215
4,Andhra Pradesh,Guntur,15.884925767634847,80.58657614107885,548,4887813,19383,0.6056780404651324
5,Andhra Pradesh,Hyderabad,17.38971555555556,78.46668888888887,536,3943323,149034,0.7334309160066269
6,Andhra Pradesh,Karimnagar,18.515483193277312,79.43765428571412,534,3776269,8831,0.5843940143035361
7,Andhra Pradesh,Khammam,17.683921325051784,80.67008643892333,541,2797370,8628,0.5827738196949277
8,Andhra Pradesh,Krishna,16.143872753151673,81.14805061000413,547,4517398,30438,0.6662503503122815
9,Andhra Pradesh,Kurnool,15.437597151424288,77.90086836581717,552,4053463,10081,0.5247762222080231
10,Andhra Pradesh,Mahbubnagar,16.639546224256293,77.98933089244859,538,4053028,6153,0.47881386459703706
11,Andhra Pradesh,Medak,17.889304978038055,78.13778901903379,535,3033288,8635,0.5397235607037644
12,Andhra Pradesh,Nalgonda,17.113250515463907,79.16984453608244,539,3488809,7715,0.5735536109887357
13,Andhra Pradesh,Nizamabad,18.429485849056608,78.07523490566034,533,2551335,5261,0.5447383428675576
14,Andhra Pradesh,Prakasam,15.489039001601705,80.11665790176184,549,3397448,6151,0.5605486824228068
15,Andhra Pradesh,Srikakulam,18.570900998697432,84.25874814010676,542,2703114,3988,0.5532067829917643
16,Andhra Pradesh,Vizianagaram,18.283296960329718,83.45982854198874,543,2344474,4453,0.5282157106455435
17,Andhra Pradesh,Warangal,18.01752608695651,79.87422028985509,540,3512576,12952,0.5878941836418629
18,Andhra Pradesh,West Godavari,16.63297943925236,81.45912990654196,546,3936966,12050,0.6737139716218021
19,Arunachal Pradesh,Changlang,27.360484793388448,96.37552644628107,253,148226,170,0.493665079000985
20,Arunachal Pradesh,East Kameng,27.371194055944056,93.04741486013997,247,78690,57,0.4886135468293303
21,Arunachal Pradesh,East Siang,28.15382352941176,95.06499226006191,251,99214,450,0.6307174390710988
22,Arunachal Pradesh,Kurung Kumey,28.048533518005534,93.24531994459835,256,92076,95,0.3975628828359182
23,Arunachal Pradesh,Lohit,27.946785273972626,96.59670770547943,259,145726,312,0.5699875108079546
24,Arunachal Pradesh,Lower Dibang Valley,28.32651730103806,95.76567335640142,258,54080,207,0.5889238165680474
25,Arunachal Pradesh,Lower Subansiri,27.70849297297297,93.96226108108112,255,83030,381,0.651053835962905
26,Arunachal Pradesh,Papum Pare,27.27352971698113,93.54468183962265,248,176573,2477,0.6855408244748631
27,Arunachal Pradesh,Tawang,27.680683962264148,91.82504245283016,245,49977,96,0.5216999819917162
28,Arunachal Pradesh,Tirap,26.944062295081984,95.41470327868862,254,111975,98,0.42843491850859566
29,Arunachal Pradesh,Upper Siang,28.8309244897959,95.00155765306124,252,35320,97,0.5151472253680635
30,Arunachal Pradesh,Upper Subansiri,28.277196566523585,93.89914356223179,249,83448,139,0.5425893969897421
31,Arunachal Pradesh,West Kameng,27.46486582278483,92.65015750452083,246,83947,202,0.5776501840446948
32,Arunachal Pradesh,West Siang,28.106296920289846,94.53510344202907,250,112274,303,0.5766784829969539
33,Assam,Barpeta,26.427872264631056,90.97912010178116,303,1693622,2078,0.529668367557814
34,Assam,Bongaigaon,26.45012521994133,90.67342961876841,319,738804,2523,0.5875414859692151
35,Assam,Cachar,24.815570668693017,92.86849650455929,316,1736617,5316,0.6761007176596797
36,Assam,Darrang,26.584632159624423,92.04141338028157,325,928500,1166,0.524543887991384
37,Assam,Dhemaji,27.58653343848582,94.71336908517351,308,686133,1192,0.6165393589872518
38,Assam,Dibrugarh,27.30612284482757,95.0998282327587,310,1326335,8817,0.6668986342062903
39,Assam,Goalpara,26.01727777777781,90.59869891598913,302,1008183,1364,0.5590026810608788
40,Assam,Golaghat,26.377219709794485,93.8258339782347,313,1066888,3073,0.676513373475004
41,Assam,Hailakandi,24.45749608938549,92.59154664804475,318,659296,1211,0.6178802844245984
42,Assam,Jorhat,26.76244824016563,94.30197722567287,312,1092256,5651,0.7277863431283509
43,Assam,Kamrup,26.17093945205481,91.58863273972591,321,1517542,3109,0.6558757517090137
44,Assam,Karbi Anglong,26.08966454598031,93.11536570271832,314,956313,1923,0.5826690633715113
45,Assam,Karimganj,24.69660712250711,92.3679498575498,317,1228686,1933,0.6472744053403392
46,Assam,Kokrajhar,26.49724663573087,90.13997470997688,300,887142,1218,0.5515520626912039
47,Assam,Lakhimpur,27.14128805970149,94.0775949253732,307,1042137,1948,0.6558504304136596
48,Assam,Nagaon,26.264621706263515,92.9306191144708,305,2823768,5121,0.6058273909188007
49,Assam,Nalbari,26.46323767605632,91.40598521126765,323,771639,1631,0.6891447943921963
50,Assam,Sonitpur,26.73514926829268,92.85197804878044,306,1924110,4358,0.576147933330215
51,Assam,Tinsukia,27.535492911392414,95.69055949367085,309,1327929,5135,0.6011782256430879
52,Bihar,Araria,26.211528119180606,87.30766554934816,209,2811569,2561,0.4253027402137383
53,Bihar,Aurangabad,24.774291867469874,84.45986024096379,235,2540073,2362,0.5771495543632014
54,Bihar,Aurangabad,24.774291867469874,84.45986024096379,515,3701282,23258,0.6764783121091557
55,Maharashtra,Aurangabad,20.0979228832952,75.32072196796334,235,2540073,2362,0.5771495543632014
56,Maharashtra,Aurangabad,20.0979228832952,75.32072196796334,515,3701282,23258,0.6764783121091557
57,Bihar,Banka,24.832355642023334,86.8664916342413,225,2034763,1704,0.47441446497700224
58,Bihar,Begusarai,25.54302613168723,86.1256014403293,222,2970541,4644,0.5213437552284247
59,Bihar,Bhagalpur,25.277192885375477,87.04213814229243,224,3037766,6764,0.5178364627163514
60,Bihar,Bhojpur,25.50666439393939,84.49407803030304,231,2728407,3661,0.5861116028510409
61,Bihar,Buxar,25.485930188679237,84.08808081760995,232,1706352,1784,0.5800719898356259
62,Bihar,Darbhanga,26.146187719298254,85.97387352472099,215,3937385,6280,0.4613808403293049
63,Bihar,Gaya,24.726654154727804,84.94291217765044,236,4391418,6856,0.5232052608064184
64,Bihar,Gopalganj,26.448743641618513,84.34636127167629,217,2562012,3707,0.5398093373489273
65,Bihar,Jamui,24.78418380462726,86.26316298200514,238,1760405,1839,0.4877218594584769
66,Bihar,Jehanabad,25.15567904564316,84.9208124481328,239,1125313,1106,0.5499634323961422
67,Bihar,Katihar,25.565653560371512,87.70466083591326,212,3071029,2941,0.4168602771253544
68,Bihar,Khagaria,25.535588914549642,86.56593256351037,223,1666886,1580,0.4607561644887533
69,Bihar,Kishanganj,26.324336758321294,87.95045007235886,210,1690400,1093,0.4407572172266919
70,Bihar,Lakhisarai,25.183449321266966,86.1282570135747,227,1000912,1186,0.5068077912943396
71,Bihar,Madhepura,25.77341929460581,86.8978443983403,213,2001762,1397,0.4169211924294696
72,Bihar,Madhubani,26.413805381727162,86.16328360450552,207,4487379,5319,0.4803111125670464
73,Bihar,Munger,25.198537962962966,86.54173672839504,226,1367765,2653,0.5862242417374329
74,Bihar,Muzaffarpur,26.186644171779147,85.32745092024544,216,4801062,10290,0.5226410323382619
75,Bihar,Nalanda,25.229345508982053,85.48053113772461,229,2877653,4156,0.5281849479419513
76,Bihar,Nawada,24.825708836206907,85.61594568965519,237,2219146,1841,0.49163597167559053
77,Bihar,Pashchim Champaran,27.160643522012577,84.30265911949684,203,3935042,3495,0.44713144103671576
78,Bihar,Patna,25.40297114503818,85.31984335877871,230,5838465,40692,0.5925665393215511
79,Bihar,Purba Champaran,26.68129336734693,85.00382155612242,204,5099371,7719,0.4465172273207813
80,Bihar,Purnia,25.81714801901739,87.40447606973066,211,3264619,4170,0.4081107167482637
81,Bihar,Rohtas,24.99170460829495,83.93507626728109,234,2959918,4594,0.6080681964838215
82,Bihar,Saharsa,25.821270696721307,86.54670819672134,214,1900661,1668,0.4235347597493714
83,Bihar,Samastipur,25.793205563909765,85.94833323308269,221,4261566,5379,0.5028386278659066
84,Bihar,Saran,25.89656077844312,84.82266287425155,219,3951862,4509,0.5459335371528662
85,Bihar,Sheikhpura,25.12472436548223,85.77839390862944,228,636342,631,0.5165084184290837
86,Bihar,Sheohar,26.45838074866311,85.29539411764709,205,656246,478,0.4323043492836528
87,Bihar,Sitamarhi,26.565700696864127,85.61172491289203,206,3423574,3460,0.4196766303284229
88,Bihar,Siwan,26.1736372013652,84.33766552901022,218,3330464,3834,0.5795513778260326
89,Bihar,Supaul,26.281578937728963,86.78496465201462,208,2229076,1845,0.46354767625688853
90,Bihar,Vaishali,25.813470318021196,85.39247597173153,220,3495021,4810,0.5512813799974307
91,Chandigarh,Chandigarh,30.7426,76.75872465753423,55,1055450,44283,0.7631228385996495
92,Chhattisgarh,Bastar,19.393866751269048,81.52895126903546,414,1413199,1782,0.4605600485140451
93,Chhattisgarh,Bilaspur,22.356942982456147,81.99770350877188,30,381956,1574,0.7530186723078051
94,Chhattisgarh,Bilaspur,22.356942982456147,81.99770350877188,406,2663629,8566,0.5993927833042815
95,Himachal Pradesh,Bilaspur,31.378042290748898,76.65316079295157,30,381956,1574,0.7530186723078051
96,Himachal Pradesh,Bilaspur,31.378042290748898,76.65316079295157,406,2663629,8566,0.5993927833042815
97,Chhattisgarh,Dhamtari,20.554912627291245,81.7569195519348,412,799781,1016,0.6837284206551544
98,Chhattisgarh,Durg,21.194463849287164,81.33181639511197,409,3343872,16141,0.6888355774383709
99,Chhattisgarh,Jashpur,22.77286167664669,83.8703962075848,402,851669,567,0.5816989933882765
100,Chhattisgarh,Korba,22.491712499999995,82.57604326923074,404,1206640,4544,0.6205322217065571
101,Chhattisgarh,Koriya,23.504127768595012,82.12515636363634,400,658917,1667,0.6037528247108513
102,Chhattisgarh,Mahasamund,21.223727037773358,82.65925427435384,411,1032754,961,0.6177298756528661
103,Chhattisgarh,Raigarh,22.008265068493166,83.27797698630134,403,1493984,3342,0.636980717330306
104,Chhattisgarh,Raigarh,22.008265068493166,83.27797698630134,520,2634200,38570,0.7364642016551515
105,Maharashtra,Raigarh,18.453257637845976,73.00906094185791,403,1493984,3342,0.636980717330306
106,Maharashtra,Raigarh,18.453257637845976,73.00906094185791,520,2634200,38570,0.7364642016551515
107,Chhattisgarh,Raipur,20.88603153846152,82.20032759615388,410,4063872,20261,0.6471042887177549
108,Chhattisgarh,Surguja,23.327192787286073,83.23582493887531,401,2359886,2737,0.5033891467638691
109,Daman and Diu,Daman,20.431616666666674,72.83923660714291,495,191173,1316,0.7864499693994444
110,Daman and Diu,Junagadh,20.72568199498111,70.83985639899612,479,2743082,6628,0.6718056550988997
111,Gujarat,Junagadh,20.929523011609785,70.54733890140345,479,2743082,6628,0.6718056550988997
112,Goa,North Goa,15.548723418714054,73.80667997909038,585,818008,23440,0.8105788696443067
113,Goa,South Goa,15.195278658183785,73.94179259687701,586,640537,17624,0.7843840402662141
114,Gujarat,Ahmadabad,22.605425564971746,72.23898135593227,474,7214225,126341,0.7534780243200067
115,Gujarat,Amreli,21.048326493108718,71.43457637825426,480,1514190,2538,0.6574201388200952
116,Gujarat,Anand,22.282718206229863,72.57782051557454,482,2092745,9902,0.7412527565470232
117,Gujarat,Banas Kantha,24.25853896551725,71.93205252873561,469,3120506,3424,0.5463610709288814
118,Gujarat,Bharuch,21.75787276237761,72.67326346710801,488,1551019,10257,0.7209943914291186
119,Gujarat,Bhavnagar,21.70219390341736,72.16272632761141,481,2880365,7297,0.6552138357465113
120,Gujarat,Gandhinagar,23.19367979002625,72.67221679790026,473,1391753,12107,0.7404287973512541
121,Gujarat,Jamnagar,22.410600414263328,69.62062005768232,477,2160119,11573,0.6465079007221362
122,Gujarat,Kachchh,23.48057203301311,68.82192301497915,468,2092371,9631,0.5985167066452365
123,Gujarat,Kheda,22.887653125000018,73.018803515625,483,2299885,5710,0.7218808766525283
124,Gujarat,Mahesana,23.529355452865065,72.45545194085031,471,2035064,7759,0.7383772697074883
125,Gujarat,Narmada,21.706663862928334,73.68403208722742,487,590297,576,0.6273723227460075
126,Gujarat,Navsari,20.866973318871995,72.86184869848157,490,1329672,6726,0.7535008633708162
127,Gujarat,Panch Mahals,22.80435606837605,73.61984598290586,484,2390776,3456,0.6026516076788457
128,Gujarat,Patan,23.80634198473284,71.75162977099238,470,1343734,2231,0.623570587631183
129,Gujarat,Porbandar,21.550923516515713,69.71896987722886,478,585449,1653,0.6724377358232742
130,Gujarat,Rajkot,22.406033777154878,70.83679439383323,476,3804558,21785,0.7162608639426709
131,Gujarat,Sabar Kantha,23.71803594548552,73.13638790459964,472,2428589,5262,0.6500622377849854
132,Gujarat,Surat,21.25761372772093,72.93488716344339,492,6081322,55694,0.7517131965714033
133,Gujarat,Surendranagar,22.82672007299272,71.48358740875906,475,1756268,2975,0.6226988136207002
134,Gujarat,The Dangs,20.801633877551023,73.68835183673471,489,228291,137,0.6174925862167147
135,Gujarat,Vadodara,22.26133739279589,73.49433010291594,486,4165626,53606,0.6945126614823318
136,Gujarat,Valsad,20.44238231644259,72.91485847983449,491,1705678,11020,0.6863294244282918
137,Haryana,Ambala,30.350367231638398,76.94970310734456,70,1128350,12899,0.7249745203172775
138,Haryana,Bhiwani,28.728868064516128,76.02110225806452,81,1634445,5292,0.6545775477302693
139,Haryana,Faridabad,28.148731097560983,77.3271853658537,88,1809733,43437,0.7032744609287669
140,Haryana,Fatehabad,29.57298318584072,75.54608716814157,78,942011,3210,0.5919017930788494
141,Haryana,Gurgaon,28.043894789579163,77.01935130260524,86,1514432,67087,0.7336849723196551
142,Haryana,Hisar,29.236287311178252,75.84324682779452,80,1743931,10132,0.6389650737328484
143,Haryana,Jhajjar,28.596518681318692,76.61137142857146,83,958405,5034,0.705433506711672
144,Haryana,Jind,29.45149821958457,76.29598575667653,77,1334152,5263,0.6241852502563426
145,Haryana,Kaithal,29.960685390946487,76.37698930041155,73,1074304,3724,0.6018119638389133
146,Haryana,Karnal,29.703200647249204,76.87488025889972,74,1505324,11163,0.6497026553751883
147,Haryana,Kurukshetra,30.05652659846548,76.78774680306903,72,964655,7356,0.6705951868802836
148,Haryana,Mahendragarh,28.1352161458333,76.14018072916659,84,922088,2624,0.6835085154562255
149,Haryana,Panchkula,30.700897142857126,76.97173238095236,69,561293,18615,0.722114831291322
150,Haryana,Panipat,29.343521341463422,76.92895914634147,75,1205437,10024,0.6525426048810514
151,Haryana,Rewari,28.19164714828897,76.55956007604564,85,900332,5121,0.7074579155244954
152,Haryana,Rohtak,28.892517647058817,76.53123235294117,82,1061204,8482,0.7044658708410447
153,Haryana,Sirsa,29.63583446327684,74.90970480225988,79,1295189,6287,0.6044654486719698
154,Himachal Pradesh,Chamba,32.66741814595661,76.39354063116366,23,519080,1615,0.623876859058334
155,Himachal Pradesh,Hamirpur,31.67668481012659,76.49767088607594,28,454768,2521,0.7874146817718045
156,Himachal Pradesh,Hamirpur,31.67668481012659,76.49767088607594,168,1104285,1196,0.5916036168199332
157,Uttar Pradesh,Hamirpur,25.738158381502892,79.82619479768789,28,454768,2521,0.7874146817718045
158,Uttar Pradesh,Hamirpur,25.738158381502892,79.82619479768789,168,1104285,1196,0.5916036168199332
159,Himachal Pradesh,Kangra,32.14093603238864,76.41205910931173,24,1510075,8053,0.7632998361008559
160,Himachal Pradesh,Kinnaur,31.606671840659327,78.51613736263741,34,84121,354,0.7215677417054005
161,Himachal Pradesh,Kullu,31.909119220779253,77.40922649350647,26,437903,2623,0.7026030878984615
162,Himachal Pradesh,Mandi,31.63580594059405,76.96556930693067,27,999777,5333,0.7239084315802424
163,Himachal Pradesh,Shimla,31.15572545180725,77.62573042168668,33,814010,9177,0.7526222036584317
164,Himachal Pradesh,Sirmaur,30.682764453961443,77.43184689507494,32,529855,2220,0.6844230968849968
165,Himachal Pradesh,Solan,31.038643119266037,76.94442140672783,31,580320,5250,0.7385201268265784
166,Himachal Pradesh,Una,31.58330388349513,76.18353932038835,29,521173,2412,0.766952624176617
167,Jammu and Kashmir,Doda,33.359614675767915,76.07163720136518,16,409936,596,0.5344322040513642
168,Jammu and Kashmir,Jammu,32.713199095022645,74.8477520361991,21,1529958,19905,0.7432458930245144
169,Jammu and Kashmir,Kargil,33.565994894894914,76.63675315315312,4,140802,235,0.6124628911521143
170,Jammu and Kashmir,Kathua,32.51781678321678,75.58901398601405,7,616435,1443,0.631378815284661
171,Jammu and Kashmir,Pulwama,33.88414418604652,75.00921860465118,12,560440,1537,0.524512882734994
172,Jammu and Kashmir,Punch,33.791241290322574,74.29593161290322,5,476835,346,0.5488774943114495
173,Jammu and Kashmir,Srinagar,34.27312898550724,75.11021159420287,10,1236829,16413,0.6052445406761969
174,Jammu and Kashmir,Udhampur,33.04770670731707,75.15286951219511,19,554985,1214,0.5808337162265647
175,Jharkhand,Bokaro,23.6814965034965,85.98398374125864,355,2062330,9754,0.6175151406418953
176,Jharkhand,Chatra,24.11619945750453,84.93295804701627,347,1042886,590,0.48908605542695943
177,Jharkhand,Deoghar,24.33070100755672,86.75697632241814,350,1492073,1944,0.5318359088328788
178,Jharkhand,Dhanbad,23.854509090909094,86.40372924901185,354,2684487,11568,0.6415393332133849
179,Jharkhand,Dumka,24.275006125574265,87.27662450229711,362,1321442,1193,0.5088448830898367
180,Jharkhand,Garhwa,24.082114689265534,83.68664265536722,346,1322784,565,0.49401565183733703
181,Jharkhand,Giridih,24.30578509874329,86.08710915619386,349,2445474,1944,0.5125693423851573
182,Jharkhand,Godda,24.8189,87.29417354838709,351,1313551,874,0.4602173802159185
183,Jharkhand,Gumla,23.078532948929148,84.55056787479396,366,1025213,831,0.545954840603855
184,Jharkhand,Jamtara,23.97873318077801,86.95325080091534,363,791042,808,0.5389246083014555
185,Jharkhand,Latehar,23.72511185840708,84.48298743362838,359,726978,340,0.4823832358063105
186,Jharkhand,Lohardaga,23.488796043165483,84.6605169064748,356,461790,351,0.5623919963619827
187,Jharkhand,Pakur,24.572604280821892,87.69691969178076,353,900422,328,0.3919062395188034
188,Jharkhand,Palamu,24.196925968109337,84.20310842824594,358,1939869,2155,0.5281609222066026
189,Jharkhand,Ranchi,23.18423506139155,85.31781937244203,364,2914253,22538,0.6558912352496507
190,Jharkhand,Sahibganj,24.93667989690721,87.68264097938143,352,1150567,591,0.42002160673824296
191,Jharkhand,Simdega,22.60876039119805,84.59193691931536,367,599578,423,0.5728745884605506
192,Karnataka,Bagalkot,16.15860676328503,75.64526070853469,556,1889752,3745,0.589184189248113
193,Karnataka,Bangalore Rural,12.936827087794446,77.47369314775169,583,990923,3729,0.6950580418458346
194,Karnataka,Belgaum,16.16107219152853,74.72329042357275,555,4779661,17560,0.6385457043920061
195,Karnataka,Bellary,15.074377548209373,76.47228471074374,565,2452595,9626,0.5796395246667305
196,Karnataka,Bidar,17.950361730769227,77.1945996153846,558,1703300,3971,0.6121487700346386
197,Karnataka,Bijapur,16.84015316666667,75.95909166666667,417,255230,117,0.3405516592877013
198,Karnataka,Bijapur,16.84015316666667,75.95909166666667,557,2177331,4987,0.5733019003541492
199,Karnataka,Chikmagalur,13.42528828967642,75.67626502311249,570,1137961,4510,0.7191327295047897
200,Karnataka,Chitradurga,14.29102220394736,76.57821957236844,566,1659456,5711,0.6552701608237881
201,Karnataka,Davanagere,14.330414586709885,75.91723841166937,567,1945497,7320,0.6725993409396159
202,Karnataka,Dharwad,15.34383137697517,75.13831264108359,562,1847023,15013,0.7047362160622797
203,Karnataka,Gadag,15.507128256880744,75.64861302752298,561,1064570,3373,0.6577087462543563
204,Karnataka,Gulbarga,17.070459515951594,76.87503850385032,579,2566326,9752,0.5561912243417243
205,Karnataka,Hassan,12.945098749999998,76.11049549999997,574,1776421,4851,0.6897328955242029
206,Karnataka,Haveri,14.73758280922432,75.3961230607966,564,1597668,2456,0.6793920889696733
207,Karnataka,Kodagu,12.39684468085106,75.79336595744687,576,554519,3308,0.7445678146285339
208,Karnataka,Kolar,13.312799881235172,78.01376947743476,581,1536401,5051,0.6614282339050808
209,Karnataka,Koppal,15.651253271028034,76.16170485981309,560,1389920,2135,0.5821090422470357
210,Karnataka,Mandya,12.574901806239744,76.81570098522172,573,1805769,3367,0.6366534146947921
211,Karnataka,Mysore,12.248100259403367,76.52881802853437,577,3001127,28397,0.6538143837298455
212,Karnataka,Raichur,16.050795353982295,76.87368606194688,559,1928812,5200,0.5079650064391967
213,Karnataka,Shimoga,14.063845885634592,75.17882078103197,568,1752753,8791,0.72058983781514
214,Karnataka,Tumkur,13.592467760074973,77.02297966260545,571,2678980,7971,0.6768960574547029
215,Karnataka,Udupi,13.450404228534568,74.72009990316337,569,1177361,9070,0.7868691081155228
216,Kerala,Alappuzha,9.542602965599087,76.38010796263319,598,2127789,28842,0.8707616215705599
217,Kerala,Ernakulam,10.004879301987431,76.26957729035381,595,3282388,88737,0.8699995247362591
218,Kerala,Idukki,9.80480963855423,77.04586641566264,596,1108974,8250,0.8323098647939446
219,Kerala,Kannur,11.941523076923056,75.35209891725934,589,2523003,32653,0.8475748938863727
220,Kerala,Kasaragod,12.33310309912974,75.07768497134369,588,1307375,10378,0.7935687924275744
221,Kerala,Kollam,8.929388820570157,76.63607758524309,600,2635375,31542,0.8500775032016317
222,Kerala,Kottayam,9.643701174068417,76.46059673302705,597,1974551,37849,0.8861751355118201
223,Kerala,Kozhikode,11.392924270557025,75.71158720159153,591,3086293,36791,0.8474383345975253
224,Kerala,Malappuram,10.973298756660721,75.93910775606876,592,4112920,27909,0.8051007556675063
225,Kerala,Palakkad,10.784926903553293,76.49980490693744,593,2809934,27162,0.7969909613535406
226,Kerala,Thiruvananthapuram,8.537101759082223,76.88711502868074,601,3301427,71621,0.8436981947503307
227,Kerala,Thrissur,10.458932647907687,76.12321940836945,594,3121200,56148,0.8581789055491478
228,Kerala,Wayanad,11.715277464788734,76.07587007042254,590,817420,4712,0.7897837097208289
229,Madhya Pradesh,Anuppur,23.18184220430107,81.86560000000007,461,749237,1290,0.5827194866243925
230,Madhya Pradesh,Ashoknagar,24.630988461538447,77.82974493927135,459,845071,619,0.5551119373401762
231,Madhya Pradesh,Balaghat,21.80020720640569,80.42170053380795,457,1701698,1712,0.6743987476038639
232,Madhya Pradesh,Barwani,21.702135714285728,74.91004719710673,441,1385881,1158,0.39680607498046366
233,Madhya Pradesh,Betul,21.964626315789474,77.78734281891171,447,1575362,2109,0.596541620275213
234,Madhya Pradesh,Bhind,26.35951126187245,78.7618324287653,420,1703005,1166,0.6429323460588783
235,Madhya Pradesh,Bhopal,23.48072614379085,77.39246623093679,444,2371061,40788,0.7003995257819179
236,Madhya Pradesh,Burhanpur,21.364567254408065,76.24460478589425,467,757847,986,0.5392632022030832
237,Madhya Pradesh,Chhatarpur,24.813637376460004,79.56449299191374,425,1762375,1880,0.5350921341939144
238,Madhya Pradesh,Chhindwara,22.227966971713823,78.76413136439255,455,2090922,3588,0.6189604394616346
239,Madhya Pradesh,Damoh,23.76624407960196,79.47049303482588,428,1264219,1432,0.591444203891889
240,Madhya Pradesh,Datia,25.90226439560441,78.63916571428574,422,786754,616,0.6246488737267304
241,Madhya Pradesh,Dewas,22.7851110021322,76.46088805970156,437,1563715,3518,0.5917759949862986
242,Madhya Pradesh,Dhar,22.572681718963157,75.1105620736698,438,2185793,2388,0.49288198836760844
243,Madhya Pradesh,Dindori,22.837384370477572,81.04332966714911,453,704524,554,0.537545917527295
244,Madhya Pradesh,Guna,24.490439271781558,77.2235895968791,458,1241519,2482,0.5267579473209834
245,Madhya Pradesh,Gwalior,26.040744419642852,78.12782433035713,421,2032036,15779,0.6679064740978998
246,Madhya Pradesh,Harda,22.227659781121783,77.07022571819434,448,570465,986,0.6180046102740746
247,Madhya Pradesh,Hoshangabad,22.595268801996703,78.02168094841929,449,1241350,2871,0.653034196640754
248,Madhya Pradesh,Indore,22.680265752128648,75.9133801324502,439,3276697,48691,0.7047127030665331
249,Madhya Pradesh,Jabalpur,23.18525572327043,79.98328754716981,451,2463289,20443,0.7130580293258323
250,Madhya Pradesh,Jhabua,22.419578015397764,74.4092161676647,464,1025048,744,0.3434775737331325
251,Madhya Pradesh,Katni,23.724416229116937,80.33819665871127,450,1292042,2179,0.6120335097465872
252,Madhya Pradesh,Mandla,22.70348712446353,80.38600543633753,454,1054905,912,0.5734753366416881
253,Madhya Pradesh,Mandsaur,24.192787640449442,75.43588667736759,433,1340411,2324,0.6226381311403741
254,Madhya Pradesh,Morena,26.37313504531724,77.88447341389724,419,1965970,1781,0.6000523914403577
255,Madhya Pradesh,Neemuch,24.703118933333357,75.06608186666664,432,826067,1945,0.6159718279510016
256,Madhya Pradesh,Panna,24.451325840092654,80.21133001158752,426,1016520,653,0.5435790737024357
257,Madhya Pradesh,Raisen,23.292518206521727,78.16305495923909,446,1331597,1141,0.6159671432122481
258,Madhya Pradesh,Rajgarh,23.785499026425587,76.66431223922115,442,1545814,1611,0.520272814193687
259,Madhya Pradesh,Ratlam,23.503562290502792,75.14895782122909,434,1455069,3644,0.5675882037209232
260,Madhya Pradesh,Rewa,24.861184625158852,81.57572465057183,430,2365106,3406,0.6095950879157214
261,Madhya Pradesh,Sagar,23.800318709677374,78.71940357771274,427,2378458,4546,0.6498828232409402
262,Madhya Pradesh,Satna,24.62777621776502,80.75547048710598,429,2228935,3754,0.6154423525136444
263,Madhya Pradesh,Sehore,22.929719967965802,77.06780202883084,445,1311332,1566,0.5950910982115895
264,Madhya Pradesh,Seoni,22.33230487804874,79.66053863928111,456,1379131,1182,0.6266221265420037
265,Madhya Pradesh,Shahdol,23.448598645598192,81.4596831828442,460,1066063,1733,0.5667526215617651
266,Madhya Pradesh,Shajapur,23.56662031722055,76.33555181268885,436,1512681,1382,0.5914082347831433
267,Madhya Pradesh,Sheopur,25.78014810996563,77.16911116838484,418,687861,273,0.47687686901859533
268,Madhya Pradesh,Shivpuri,25.378024518743672,77.74861600810549,423,1726050,1852,0.5219118797253846
269,Madhya Pradesh,Sidhi,24.17547189952905,82.1053783359498,462,1127033,837,0.5330677983697016
270,Madhya Pradesh,Tikamgarh,25.14099852104666,78.89357064846428,424,1445166,1090,0.5175460812114318
271,Madhya Pradesh,Ujjain,23.319288862745065,75.80383717647058,435,1986864,7501,0.6245973554304673
272,Madhya Pradesh,Umaria,23.59601063063061,80.90879477477475,431,644758,839,0.5531873974421411
273,Madhya Pradesh,Vidisha,23.82838307984792,77.9013507604563,443,1458875,1926,0.591495501670808
274,Maharashtra,Akola,20.746310479041906,77.12122320359276,501,1813906,6163,0.7780342531531402
275,Maharashtra,Amravati,21.165209918107358,77.67583503184724,503,2888445,9438,0.7796149831483722
276,Maharashtra,Bhandara,21.211792649727744,80.10950199637023,506,1200334,2932,0.749674673882436
277,Maharashtra,Bid,18.952353340080982,75.69319706477732,523,2585049,5614,0.6647870117742449
278,Maharashtra,Buldana,20.56680611183355,76.39017880364095,500,2586258,4767,0.7268702503771859
279,Maharashtra,Chandrapur,20.095609090909072,79.31556380471388,509,2204307,8239,0.7161502458595831
280,Maharashtra,Dhule,21.274018690400514,74.58719071837263,498,2050862,6065,0.6309132452597981
281,Maharashtra,Gondiya,21.225008411214997,80.17522698598128,507,1322507,2866,0.7593479656440382
282,Maharashtra,Hingoli,19.59525302245251,77.09239412780653,512,1177345,1221,0.6716323592489882
283,Maharashtra,Jalgaon,20.8828943415638,75.55140421810695,499,4229917,14297,0.6836734621506758
284,Maharashtra,Jalna,19.984612534818933,75.98473607242339,514,1959046,3791,0.6102577479038267
285,Maharashtra,Kolhapur,16.44881301587301,74.12897150793648,530,3876001,22269,0.7290619894060915
286,Maharashtra,Latur,18.348687268993853,76.75812607802874,524,2454196,6217,0.6725917571375717
287,Maharashtra,Nagpur,21.196556862745105,79.02166176470584,505,4653570,57964,0.7894601349071788
288,Maharashtra,Nanded,19.209316983017,77.6829048951049,511,3361292,7548,0.6513641183211694
289,Maharashtra,Nandurbar,21.523175625248147,74.32638757443429,497,1648295,2579,0.5499676938897466
290,Maharashtra,Nashik,20.266912871287147,74.03824168316828,516,6107187,45039,0.7115167752354725
291,Maharashtra,Osmanabad,18.19459456066944,75.9949557531381,525,1657576,3209,0.6864300641418554
292,Maharashtra,Parbhani,19.31032425249168,76.70163338870431,513,1836086,3982,0.6305881097072795
293,Maharashtra,Pune,18.51696171428573,74.12922881632646,521,9429408,235018,0.7605698045943076
294,Maharashtra,Ratnagiri,17.210195070127703,73.25725893866405,528,1615069,7752,0.7426258568519364
295,Maharashtra,Sangli,17.154930181086502,74.70713822937628,531,2822143,13212,0.7262094798172878
296,Maharashtra,Satara,17.6737908974359,74.18052064102558,527,3003741,14093,0.7409740054152472
297,Maharashtra,Sindhudurg,16.170948049777163,73.51329008172344,529,849651,3517,0.7839301077736623
298,Maharashtra,Solapur,17.837357937584812,75.42394823609216,526,4317756,15145,0.6741177593175715
299,Maharashtra,Thane,19.698767747440268,72.79882742564581,517,11060148,256170,0.7438563209099914
300,Maharashtra,Wardha,20.80743024390242,78.57259105691062,504,1300774,4313,0.7837318396585418
301,Maharashtra,Washim,20.282282394366213,77.25502394366208,502,1197160,1875,0.7266505730228207
302,Maharashtra,Yavatmal,20.04258346738159,78.05326371760479,510,2772348,6094,0.729552711275785
303,Manipur,Bishnupur,24.507121118012428,93.8246236024845,275,237399,676,0.658524256631241
304,Manipur,Chandel,24.2635812987013,94.09443844155844,280,144182,184,0.6263056414809061
305,Manipur,Churachandpur,24.30309718875504,93.38671506024085,274,274143,837,0.7147182309962319
306,Manipur,Senapati,25.08465586034914,94.03366234413956,272,479148,256,0.5519735029677678
307,Manipur,Tamenglong,24.98312942238265,93.49450740072204,273,140651,125,0.6043753688206981
308,Manipur,Thoubal,24.545392553191494,93.97959893617023,276,422168,880,0.6379071838699285
309,Manipur,Ukhrul,25.05900314960629,94.44129566929138,279,183998,276,0.7056000608702269
310,Meghalaya,East Garo Hills,25.82728228228228,90.64684924924916,294,317917,288,0.6043935995873136
311,Meghalaya,East Khasi Hills,25.303763888888888,91.75922519841272,298,825922,5032,0.6998602773627534
312,Meghalaya,Jaintia Hills,25.339595570698442,92.376081601363,299,395124,510,0.4746029094663954
313,Meghalaya,South Garo Hills,25.24056857855361,90.64560349127176,295,142334,179,0.5765453089212697
314,Meghalaya,West Garo Hills,25.495285185185185,90.03709947089943,293,643291,1630,0.5576045677617129
315,Meghalaya,West Khasi Hills,25.50088992673993,91.25364542124538,296,383461,149,0.6015683472373984
316,Mizoram,Aizawl,23.90781335453101,92.85359459459472,283,400309,4019,0.8508302336445096
317,Mizoram,Champhai,23.541665809768663,93.24221799485862,284,125745,186,0.8016382361127679
318,Mizoram,Kolasib,24.2020004347826,92.73470391304348,282,83955,367,0.7848847596926926
319,Mizoram,Lawngtlai,22.36102843137253,92.66964156862751,287,117894,162,0.5331993146385736
320,Mizoram,Lunglei,23.007717036172675,92.63512555425892,286,161428,482,0.7503159303218773
321,Mizoram,Mamit,23.73852942502819,92.4330803833147,281,86364,90,0.6969454865453198
322,Mizoram,Saiha,22.35744801061008,93.02827931034487,288,56574,168,0.74650899706579
323,Mizoram,Serchhip,23.263864705882344,92.914158496732,285,64937,131,0.8389054006190616
324,Nagaland,Dimapur,25.81417681159423,93.75074057971014,265,378811,3303,0.7339728782955088
325,Nagaland,Kohima,25.603114285714284,93.78600657596373,270,267988,1928,0.7369322506977924
326,Nagaland,Mokokchung,26.47891176470589,94.52242600619199,262,194622,537,0.8195065306080505
327,Nagaland,Mon,26.692073743016763,95.03072988826828,261,250260,178,0.4780068728522337
328,Nagaland,Phek,25.632729865771818,94.56814563758392,266,163418,170,0.6479885936677722
329,Nagaland,Tuensang,26.211044532803157,94.85809880715708,267,196596,155,0.5977283362835459
330,Nagaland,Wokha,26.20261155115511,94.1990815181518,264,166343,198,0.7707447863751405
331,Nagaland,Zunheboto,26.028178205128214,94.50026666666668,263,140757,261,0.7309121393607423
332,Orissa,Baleshwar,21.48570932311624,87.08085828011933,377,2320529,7370,0.6986475928549051
333,Orissa,Bhadrak,20.95262735257214,86.81496204516931,378,1506337,2637,0.72635804604149
334,Orissa,Cuttack,20.407640646029623,85.7776810228802,381,2624470,15046,0.7664286503560719
335,Orissa,Dhenkanal,20.79887159353349,85.53226836027711,383,1192811,1810,0.6957598479557952
336,Orissa,Gajapati,19.121080882352945,84.14015091911759,389,577817,635,0.4543601174766405
337,Orissa,Ganjam,19.263261756453396,84.802977104377,388,3529031,9049,0.6262483950976911
338,Orissa,Jharsuguda,21.827058566978184,83.93581682242987,371,579505,2498,0.7003891252016807
339,Orissa,Kalahandi,19.784253092783523,83.1124043814433,395,1576869,1953,0.5086256372596583
340,Orissa,Kandhamal,20.092878624813146,84.02216352765326,390,733110,768,0.5453288046814257
341,Orissa,Kendrapara,20.606319815982264,86.83763247572003,379,1440361,1628,0.7562444414976524
342,Orissa,Khordha,20.054162322274863,85.5223483412323,386,2251673,35701,0.7771714631742709
343,Orissa,Koraput,18.82627794779476,82.81278469846964,398,1379647,3988,0.41176474851900524
344,Orissa,Malkangiri,18.252279303675056,81.98293636363628,399,613192,448,0.39906913332202637
345,Orissa,Mayurbhanj,21.89762154515775,86.4030408052231,376,2519738,2950,0.5434680113567363
346,Orissa,Nayagarh,20.192895622119817,85.05614700460825,385,962789,1163,0.7149666230087797
347,Orissa,Nuapada,20.471309512195113,82.59152536585364,394,610382,757,0.49048464731921976
348,Orissa,Puri,19.83509174603177,85.86698989898981,387,1698730,3416,0.7605322799974098
349,Orissa,Rayagada,19.292840020060204,83.45860120361095,396,967911,1553,0.4212525738420165
350,Orissa,Sambalpur,21.515752380952385,84.34958483245157,372,1041099,5231,0.675911704842671
351,Orissa,Sundargarh,22.063548192771073,84.50524819277099,374,2093437,12787,0.6412048702683673
352,Puducherry,Karaikal,10.876161726078813,79.82369793621001,637,200222,1868,0.773721169501853
353,Puducherry,Mahe,12.006420793787758,75.28275021570327,636,41816,574,0.8721541993495313
354,Puducherry,Yanam,16.707695652173907,82.26187304347832,634,55626,207,0.7060367454068242
355,Punjab,Amritsar,31.548679820627772,74.79883856502238,49,2490656,29961,0.6764362481209769
356,Punjab,Bathinda,30.190524611973352,75.05685898004437,46,1388525,11284,0.6084643776669487
357,Punjab,Faridkot,30.591187250996022,74.79751553784862,45,617508,4348,0.6174575875940069
358,Punjab,Fatehgarh Sahib,30.64290947368421,76.36208394736842,40,600163,5138,0.7098621541147988
359,Punjab,Firozpur,30.634075352112692,74.40245732394365,43,2029074,10042,0.6049611793359927
360,Punjab,Gurdaspur,32.04283371212125,75.3204064393939,35,2298323,14428,0.7112659969899792
361,Punjab,Hoshiarpur,31.551571698113193,75.8469857442349,38,1586625,13747,0.7561326715512487
362,Punjab,Jalandhar,31.25033690721651,75.54400350515463,37,2193590,39082,0.7396719532820627
363,Punjab,Kapurthala,31.336592638036837,75.47641165644177,36,815168,9732,0.7072983728507498
364,Punjab,Ludhiana,30.76596397379912,75.83110851528383,41,3498739,58589,0.7317564985556224
365,Punjab,Mansa,29.919547714285727,75.4304922857143,47,769751,2673,0.5502558619605561
366,Punjab,Moga,30.756540067340065,75.16008451178449,42,995746,7897,0.6305714509523513
367,Punjab,Muktsar,30.31243303303303,74.5518747747748,44,901896,4571,0.5819384940170486
368,Punjab,Patiala,30.214540380693364,76.27505893949697,48,1895686,24274,0.668249383072935
369,Punjab,Rupnagar,30.91093733075435,76.53743500967127,51,684627,6600,0.7343137211941685
370,Punjab,Sangrur,30.185045204336895,75.89437014178496,53,1655169,10736,0.6054227695177955
371,Rajasthan,Ajmer,26.199300378787907,74.6990419191919,119,2583052,13499,0.5910345591184382
372,Rajasthan,Alwar,27.55271738035265,76.65359630562563,104,3674179,9750,0.5940037216477477
373,Rajasthan,Banswara,23.453642032967014,74.44246868131869,125,1797485,2324,0.46139077655724525
374,Rajasthan,Baran,24.98023243243244,76.86210651828291,128,1222755,1363,0.5670040196114512
375,Rajasthan,Barmer,25.77070908045978,71.50297126436782,115,2603751,2766,0.4563884949060029
376,Rajasthan,Bharatpur,27.32411858037578,77.21752077244258,105,2548462,4179,0.5810834142317994
377,Rajasthan,Bhilwara,25.45119767759564,74.63947595628417,122,2408523,6207,0.5215337366510513
378,Rajasthan,Bikaner,28.124890683229808,73.2694332298137,101,2363937,7607,0.5409623860534354
379,Rajasthan,Bundi,25.48580716049379,75.79984074074079,121,1110906,1392,0.5266368171564471
380,Rajasthan,Chittaurgarh,24.631623761665463,74.80010997846381,126,1544338,4941,0.5321535829591708
381,Rajasthan,Churu,28.29330375536484,74.65846427038629,102,2039547,2577,0.5634922852966859
382,Rajasthan,Dausa,26.912348176291808,76.57342097264443,109,1634409,1719,0.5739389589753849
383,Rajasthan,Dhaulpur,26.72397054945053,77.74476219780222,106,1206516,1330,0.5661740084673555
384,Rajasthan,Dungarpur,23.75104807692308,73.84765641025645,124,1388552,1477,0.4908645841135226
385,Rajasthan,Ganganagar,29.256785412667966,73.56192303262948,99,1969168,6295,0.606013808877658
386,Rajasthan,Hanumangarh,29.181335179153105,74.74632573289902,100,1774692,3360,0.582712943992535
387,Rajasthan,Jaipur,27.03345929018789,75.77117286012533,110,6626178,76565,0.6490868491610096
388,Rajasthan,Jaisalmer,26.86900838548185,71.18371877346682,114,669919,754,0.46073181981702266
389,Rajasthan,Jalor,25.07578093797277,72.18647261724662,116,1828730,1585,0.45363831730217147
390,Rajasthan,Jhalawar,24.247255414746572,76.11242891705066,129,1411129,1750,0.5242554011716859
391,Rajasthan,Jhunjhunun,28.135174012474014,75.52840893970894,103,2137045,4828,0.6412405915645202
392,Rajasthan,Jodhpur,26.678460838536967,73.00450847457628,113,3687165,19335,0.5509739867893083
393,Rajasthan,Karauli,26.51901555555556,76.96081818181815,107,1458248,1059,0.5526145072717398
394,Rajasthan,Kota,25.17571808000001,76.18618928000002,127,1951014,12843,0.665471903328218
395,Rajasthan,Nagaur,27.078620160481464,74.14215667001012,112,3307743,4449,0.5316688751211929
396,Rajasthan,Pali,25.80490393541874,73.55285640766905,118,2037573,4043,0.5328363695435697
397,Rajasthan,Rajsamand,25.248947674418588,73.96570215946844,123,1156597,1989,0.5353109164211908
398,Rajasthan,Sawai Madhopur,26.251081180223288,76.4219283891548,108,1335551,1887,0.5553872521528568
399,Rajasthan,Sikar,27.646440586419764,75.29317422839503,111,2677333,5647,0.617075649536311
400,Rajasthan,Sirohi,24.797690526315797,72.75309131578945,117,1036346,2146,0.46008379440843117
401,Rajasthan,Tonk,26.15393507170793,75.79192216427637,120,1421326,1908,0.5274363516884937
402,Rajasthan,Udaipur,24.440767521367487,73.84029839743584,130,3068420,14211,0.5157797824287418
403,Sikkim,East,27.29600352941175,88.74908392156858,93,1709346,80037,0.7915296259505097
404,Tamil Nadu,Ariyalur,11.190514836795256,79.22249643916912,616,754894,1749,0.6366509735141622
405,Tamil Nadu,Chennai,13.058098905608746,80.28139151846807,603,4646732,217368,0.8126735090381799
406,Tamil Nadu,Coimbatore,10.871376995940453,77.0761901217862,632,3458045,63273,0.7622535276435095
407,Tamil Nadu,Cuddalore,11.57587300613498,79.63002365371497,617,2605914,15396,0.6966005017817165
408,Tamil Nadu,Dharmapuri,12.300141200000004,78.11509813333339,630,1506843,3651,0.6090276160157362
409,Tamil Nadu,Dindigul,10.377801390820574,77.78011279554937,612,2159775,9155,0.6861057286059891
410,Tamil Nadu,Erode,11.267012155963302,77.42034334862393,610,2251744,18604,0.6628915187516876
411,Tamil Nadu,Kancheepuram,12.496424756511884,80.08820360135913,604,3998252,100322,0.7536748559120335
412,Tamil Nadu,Kanniyakumari,8.183466300191206,77.32053064053537,629,1870374,15673,0.8280365317310869
413,Tamil Nadu,Karur,10.79532776617955,78.08749686847605,613,1064493,4915,0.6829955669036809
414,Tamil Nadu,Madurai,9.904313833333333,78.0136603333333,623,3038252,34097,0.7482690705050141
415,Tamil Nadu,Nagapattinam,10.789468161718288,79.79437299431483,618,1616450,5585,0.7504147978595069
416,Tamil Nadu,Namakkal,11.33766638477801,78.14624841437633,609,1726601,8960,0.6811828557958671
417,Tamil Nadu,Perambalur,11.260137758112096,78.86034011799416,615,565223,1507,0.6649110174214425
418,Tamil Nadu,Pudukkottai,10.130514816433578,79.05444484265728,621,1618345,4494,0.6862226533897284
419,Tamil Nadu,Ramanathapuram,9.31286995153476,78.99185362412462,626,1353445,5172,0.7232994321897085
420,Tamil Nadu,Salem,11.629324202127654,78.2478257978723,608,3482056,20660,0.6563828956225862
421,Tamil Nadu,Sivaganga,9.960306580645158,78.56535729032254,622,1339101,5773,0.7167077016595462
422,Tamil Nadu,Thanjavur,10.387692255892237,79.3194869107745,620,2405890,13495,0.7444222304427883
423,Tamil Nadu,Theni,9.924066666666667,77.43458833333331,624,1245899,4667,0.6983551636208072
424,Tamil Nadu,Thiruvallur,13.275858101752885,80.19724702864492,602,3728104,75634,0.7488313094269903
425,Tamil Nadu,Thiruvarur,10.368927409395976,79.60322893959726,619,1264277,4416,0.7486262899665184
426,Tamil Nadu,Tiruvannamalai,12.419318947368414,79.23265631578953,606,2464875,6445,0.659998174349612
427,Tamil Nadu,Vellore,12.78488263229308,79.02643283582084,605,3936331,20623,0.7046988680575896
428,Tamil Nadu,Virudhunagar,9.468872195892564,77.87641469194315,625,1942288,10219,0.7201753807880191
429,Tripura,Dhalai,23.781360477941163,91.94654283088232,291,378230,273,0.730288448827433
430,Tripura,North Tripura,24.121739755351683,92.17842538226292,292,693947,997,0.7499160598720075
431,Tripura,South Tripura,23.211874098057386,91.6065807585568,290,876001,948,0.7383667370242728
432,Tripura,West Tripura,23.780166241299334,91.41310788863107,289,1725739,6394,0.7888527755355822
433,Uttar Pradesh,Agra,26.995129749103928,78.05278291517321,146,4418797,27183,0.6066153299189803
434,Uttar Pradesh,Aligarh,27.937485768500927,78.00146831119557,143,3673889,13634,0.5695781772394322
435,Uttar Pradesh,Allahabad,25.392038662316445,82.05172446982063,175,5954391,24122,0.6156342437035123
436,Uttar Pradesh,Ambedkar Nagar,26.39119025974028,82.68282142857147,178,2397888,2509,0.6201036078415673
437,Uttar Pradesh,Auraiya,26.668923940149607,79.42637057356606,162,1379545,2404,0.6747413096346984
438,Uttar Pradesh,Azamgarh,26.008290954773837,83.01220251256285,191,4613913,6652,0.60077357332052
439,Uttar Pradesh,Baghpat,29.04579349999999,77.30266300000002,139,1303048,2989,0.6123872643218055
440,Uttar Pradesh,Bahraich,27.69177630057803,81.46779783237004,180,3487731,2681,0.4009391779354543
441,Uttar Pradesh,Ballia,25.86075638297873,84.03651978723408,193,3239774,4672,0.6060885728448959
442,Uttar Pradesh,Balrampur,27.449076537911324,82.47158326180256,182,2148665,1551,0.40413791819571687
443,Uttar Pradesh,Banda,25.351885902503284,80.52487391304344,170,1799410,1655,0.5573699156945888
444,Uttar Pradesh,Bara Banki,26.922777025232424,81.35762350597606,176,3260699,3159,0.5190476029832867
445,Uttar Pradesh,Bareilly,28.51101940789474,79.43187072368416,150,4448359,15164,0.49271180675840237
446,Uttar Pradesh,Basti,26.83388045454545,82.69790590909092,185,2464464,3423,0.5655521849781535
447,Uttar Pradesh,Bijnor,29.313974259681096,78.45098815489754,134,3682713,7303,0.5798423607813045
448,Uttar Pradesh,Bulandshahr,28.34875862068968,78.01082758620684,142,3499171,7865,0.580610664640282
449,Uttar Pradesh,Chandauli,25.1180859611231,83.25307062634984,196,1952756,3492,0.6015119144429719
450,Uttar Pradesh,Chitrakoot,25.159924623803,81.07666087551297,171,991730,827,0.5355005898782935
451,Uttar Pradesh,Deoria,26.42218856548857,83.82440706860709,190,3100946,4469,0.6047312658782191
452,Uttar Pradesh,Etah,27.591155309734443,78.70021858407083,201,1774480,2635,0.594654208556873
453,Uttar Pradesh,Etawah,26.788176701570677,79.07621806282728,161,1581810,2964,0.6713846795759288
454,Uttar Pradesh,Faizabad,26.60589185185181,82.00783530864202,177,2470996,4746,0.5871725409510983
455,Uttar Pradesh,Farrukhabad,27.45063297872342,79.44062845744679,159,1885204,2624,0.5796067693469779
456,Uttar Pradesh,Fatehpur,25.8374362030905,80.8541620309051,172,2632733,3385,0.5743711952560324
457,Uttar Pradesh,Firozabad,27.20963993055552,78.42660624999998,147,2498156,5834,0.6091717250644075
458,Uttar Pradesh,Gautam Buddha Nagar,28.393311038961034,77.52462467532466,141,1648115,53181,0.6813523328165814
459,Uttar Pradesh,Ghaziabad,28.749973085846854,77.67441879350343,140,4681645,78116,0.6671296093573946
460,Uttar Pradesh,Ghazipur,25.624724775583488,83.5360854578097,195,3620268,5309,0.6070127957377741
461,Uttar Pradesh,Gonda,27.157215552099505,82.0226888024882,183,3433919,4313,0.48923518580374203
462,Uttar Pradesh,Gorakhpur,26.633158867924518,83.35495603773579,188,4440895,14597,0.6080594114474672
463,Uttar Pradesh,Hardoi,27.337409090909137,80.26411767676768,155,4092845,3845,0.5428011566526463
464,Uttar Pradesh,Jalaun,26.06795458715599,79.36686911314993,165,1689974,2217,0.6362204388943262
465,Uttar Pradesh,Jaunpur,25.70141280913127,82.54315351934063,194,4494204,8002,0.6078222083376723
466,Uttar Pradesh,Jhansi,25.45581535234902,78.89954580536917,166,1998603,8517,0.6527124196251082
467,Uttar Pradesh,Jyotiba Phule Nagar,28.870498984771594,78.39009365482241,137,1840221,2825,0.5342347468048675
468,Uttar Pradesh,Kannauj,26.993988617886185,79.64437940379408,160,1656616,2488,0.6139545917702111
469,Uttar Pradesh,Kanpur Dehat,26.43047641196011,79.98710083056478,163,1796184,2682,0.6515162143744739
470,Uttar Pradesh,Kaushambi,25.53587532051282,81.41811282051287,174,1599596,1503,0.5085184008962264
471,Uttar Pradesh,Kushinagar,26.892530675909864,83.92261542461006,189,3564544,3486,0.5484067527291009
472,Uttar Pradesh,Lalitpur,24.58877161016945,78.60082330508473,167,1221592,1079,0.5248814661523651
473,Uttar Pradesh,Lucknow,26.838233589251466,80.89706026871404,157,4589838,68506,0.6813443088841044
474,Uttar Pradesh,Mahoba,25.34529670138888,79.67863003472216,169,875958,1316,0.5572253464207187
475,Uttar Pradesh,Mainpuri,27.17386862302482,79.03501851015807,148,1868529,2642,0.6442955929503904
476,Uttar Pradesh,Mathura,27.593904328018212,77.62153416856502,145,2547184,8726,0.5919266138606398
477,Uttar Pradesh,Mau,26.01082203791469,83.50582654028433,192,2205968,2656,0.6178892894185228
478,Uttar Pradesh,Meerut,29.029576256983233,77.80611005586594,138,3443689,23717,0.6218587102377712
479,Uttar Pradesh,Mirzapur,25.10207959183675,82.60126628571429,199,2496970,4447,0.572166665999191
480,Uttar Pradesh,Moradabad,28.851770406189537,78.73580193423598,135,4772006,11690,0.4744017505426439
481,Uttar Pradesh,Muzaffarnagar,29.470507977736567,77.64017847866424,133,4143512,10077,0.5834034027173084
482,Uttar Pradesh,Pilibhit,28.520241750358682,79.90103974175037,151,2031007,2870,0.5224477315932441
483,Uttar Pradesh,Pratapgarh,25.864842731707316,81.93530048780492,131,867848,716,0.4626559028770015
484,Uttar Pradesh,Pratapgarh,25.864842731707316,81.93530048780492,173,3209141,5149,0.6018928429757371
485,Uttar Pradesh,Rae Bareli,26.25390284005979,81.22260463378181,158,3405559,5184,0.5772453215463306
486,Uttar Pradesh,Rampur,28.83244727272725,79.10977333333338,136,2335819,3847,0.44680944884856233
487,Uttar Pradesh,Saharanpur,30.03381165217392,77.59905147826096,132,3466382,9699,0.5992149739988264
488,Uttar Pradesh,Sant Kabir Nagar,26.791596516393447,83.0387764344262,186,1715183,2031,0.5567621647369406
489,Uttar Pradesh,Shahjahanpur,27.991389350649328,79.8302275324675,152,3006538,3889,0.49589594410581206
490,Uttar Pradesh,Sitapur,27.50199596309111,80.85288881199547,154,4483992,3874,0.5093080005495103
491,Uttar Pradesh,Sonbhadra,24.46693268858798,83.06816324951639,200,1862559,5149,0.5292224300008751
492,Uttar Pradesh,Sultanpur,26.284638641975302,82.05710456790123,179,3797117,5956,0.589895439092343
493,Uttar Pradesh,Unnao,26.63163990895297,80.636773292868,156,3108367,3476,0.5705838467594078
494,Uttar Pradesh,Varanasi,25.360570888888887,82.82529666666672,197,3676841,19214,0.6537957447711228
495,Uttaranchal,Almora,29.683532133676106,79.50165064267351,64,622506,1830,0.7011932415109252
496,Uttaranchal,Bageshwar,29.98703393393397,79.83954354354356,63,259898,435,0.690590154599112
497,Uttaranchal,Chamoli,30.58338611464965,79.56281095541402,57,391605,899,0.716425990475096
498,Uttaranchal,Champawat,29.29142393939393,80.07720212121217,65,259648,548,0.6844882302193739
499,Uttaranchal,Pithoragarh,30.147206318681288,80.34229230769236,62,483439,1344,0.7147747699296085
500,Uttaranchal,Tehri Garhwal,30.463700918635173,78.48783792650917,59,618931,1366,0.6591914122898999
501,Uttaranchal,Udham Singh Nagar,29.02779577677222,79.45629004524896,67,1648902,7883,0.6294121785284996
502,Uttaranchal,Uttarkashi,30.968958552036234,78.56880615384617,56,330086,602,0.6517271256581618
503,West Bengal,Bankura,23.081280892857155,87.12640053571438,339,3596674,4273,0.6208491511880143
504,West Bengal,Barddhaman,23.444453888888887,87.81505811111109,335,7717563,32323,0.6799047834141425
505,West Bengal,Birbhum,24.06389342723,87.65153089201887,334,3502404,5210,0.6162758493880204
506,West Bengal,Dakshin Dinajpur,25.342094363021435,88.69821679819614,331,1676276,2518,0.6464836339600399
507,West Bengal,Darjiling,26.839619571045585,88.33145067024122,327,1846823,10943,0.7123503443481048
508,West Bengal,Haora,22.401674174428507,87.99421176968654,341,4850029,30751,0.7433369986035135
509,West Bengal,Hugli,22.879292647058808,88.00010264705891,338,5519145,31725,0.7389528631699294
510,West Bengal,Jalpaiguri,26.626420312500038,89.04154375000005,328,3872846,9322,0.645205102397565
511,West Bengal,Kolkata,22.550581481481487,88.35276481481479,342,4496694,136618,0.7979500050481532
512,West Bengal,Maldah,25.080268025751053,88.17191684549357,332,3988845,5357,0.5230667022659442
513,West Bengal,Murshidabad,24.25950655391121,88.1681686046512,333,7103807,7951,0.5709380899565543
514,West Bengal,Nadia,23.56410971055088,88.58293034547151,336,5167600,12787,0.6735341357690223
515,West Bengal,Puruliya,23.254192328767108,86.3968532876713,340,2930115,3551,0.554553319579607
516,West Bengal,Uttar Dinajpur,26.044619165196977,88.23595232216337,330,3007134,2883,0.49537765859452887
